code,name,mv_mean,amount_mean,num_days,profit,主营产品名称,主营产品类型,公司简介
603259.SH,药明康德,32942563.42150743,3323076.08866805,241,5097155283.68,CMO/CDMO业务、临床研究及其他CRO服务、美国区实验室服务、中国区实验室服务,专业咨询服务,公司是全球领先的制药以及医疗器械研发开放式能力和技术平台企业。作为一家以研究为首任，以客户为中心的公司，药明康德向全球制药公司、生物技术公司以及医疗器械公司提供一系列全方位的实验室研发、研究生产服务，服务范围贯穿从小分子药物发现到推向市场的全过程，以及细胞治疗和基因治疗从产品开发到商业化生产服务、医疗器械测试服务等。药明康德的服务旨在通过高性价比、高效率的研发服务帮助全球客户缩短药物及医疗器械研发周期、降低研发成本。
300122.SZ,智飞生物,23668082.987551868,2091420.9312572612,241,10208548452.56,ACYW135 群脑膜炎球菌多糖疫苗、A群C 群脑膜炎球菌多糖结合疫苗、微卡(注射用母牛分枝杆菌),疫苗,公司系一家集疫苗研发、生产、销售、配送及进出口为一体的生物高科技企业，主营的人用疫苗为国家七大战略性新兴产业，发展前景广阔。现在售产品包括AC群脑膜炎球菌(结合)b型流感嗜血杆菌(结合)联合疫苗(喜贝康)、b型流感嗜血杆菌结合疫苗(喜菲贝)、A、C、Y、W135群脑膜炎球菌多糖疫苗(盟威克)、注射用母牛分枝杆菌(微卡)、A群C群脑膜炎球菌多糖结合疫苗(盟纳康)等自主产品及统一销售默沙东授权的23价肺炎球菌多糖疫苗、甲型肝炎灭活疫苗(人二倍体细胞)、四价人乳头瘤病毒疫苗(酿酒酵母)、九价人乳头瘤病毒疫苗(酿酒酵母)、口服五价重配轮状病毒减毒活疫苗(Vero细胞)等所有进口疫苗。公司荣获全国非公有制企业双强百佳党组织、重庆市精神文明单位、全国“守合同重信用”企业、全国商务诚信试点企业、重庆市创新型企业、重庆市制造企业百强等荣誉称号。
603392.SH,万泰生物,14510214.180780083,383623.95652282157,241,2021467667.66,“馨可宁Cecolin”双价人乳头瘤病毒疫苗(大肠杆菌)、“益可宁Hecolin”重组戊型肝炎疫苗、Caris200全自动化学发光免疫分析仪、WanTag全自动核酸血液筛查系统、化学发光诊断试剂、胶体金诊断试剂、酶联免疫诊断试剂、生化诊断试剂、质控品及标准物质,生物诊断试剂、疫苗、诊断治疗设备,公司是从事体外诊断试剂、体外诊断仪器与疫苗的研发、生产及销售的高新技术企业。公司坚持自主创新、坚持关键技术攻关，走产学研结合道路，现已发展成为我国创新免疫诊断产品和创新疫苗研发的领先企业。经过多年的研发投入、持续的技术创新，截至本招股说明书签署之日，公司在体外诊断试剂领域已取得了5项新药证书、9项药品注册证书、300余项国家医疗器械注册证、16项欧盟CE认证、2项世界卫生组织PQ认证，还获得150个国家二级标准物质证书。公司体外诊断领域的核心产品有艾滋病毒诊断试剂，病毒性肝炎系列诊断试剂，全自动管式化学发光免疫分析系统等。公司先后完成国家科技重大专项、863计划重大项目，荣获国家技术发明二等奖、国家科技进步二等奖、中国发明专利金奖、国家高技术产业化示范工程十年成就奖等重要国家级科技创新奖励。
300896.SZ,爱美客,12362609.301908715,1406292.5986804978,241,957798548.01,聚对二氧环己酮面部埋植线（紧恋）、医用含聚乙烯醇凝胶微球的透明质酸钠-羟丙基甲基纤维素凝胶（宝尼达）、医用羟丙基甲基纤维素-透明质酸钠溶液（逸美）、医用透明质酸钠-羟丙基甲基纤维素凝胶（逸美一加一）、注射用透明质酸钠复合溶液（嗨体）、注射用修饰透明质酸钠凝胶（爱芙莱、爱美飞）,医疗美容器械,公司是国内生物医用软组织修复材料领域的创新型领先企业。公司立足于生物医用材料的研发和转化，致力于重组蛋白和多肽等生物医药的开发，已成功实现注射类透明质酸钠系列产品及聚对二氧环己酮面部埋植线的产业化，并建立了医用几丁糖、聚乳酸等生物医用材料的产品技术转化平台，产品临床应用涵盖医疗美容、外科修复以及代谢疾病治疗等领域。公司是首家取得国家药监局批准用于面部软组织修复的注射用透明质酸钠医疗器械产品注册证书的国内企业。截至报告期末，公司已拥有五款获国家药监局批准的III类注射用透明质酸钠系列产品，为获得国家药监局批准的同类产品最多的企业。公司五款产品在配方组份、注射部位、注射体验等方面有所不同，能够满足多个细分市场的消费需求。此外，公司已于2019年5月取得聚对二氧环己酮面部埋植线的III类医疗器械注册证书，为首款取得国家药监局批准的面部埋植线产品。公司重视研发投入和产品开发，是国家级高新技术企业，建有生物可降解新材料北京市工程实验室。公司作为牵头单位参与了国家科学技术部“十三五”规划国家重点研发计划“新型颌面软硬组织修复材料研发”项目。截至报告期末，公司拥有32项专利，其中发明专利18项。
000661.SZ,长春高新,11372411.759126805,2060604.1712074687,241,3757472953.11,华康血栓心脉宁、金磊赛强分泌型基因重组人粒细胞集落刺激因子、金磊生长素、怡众名城楼盘、长春高新冠脉宁片、长春高新甲型肝炎减毒活疫苗、长春高新脑蛋白水解物注射液、长春高新人用狂犬病纯化疫苗、长春高新疏清冲剂、长春高新微载体狂犬疫苗、长春高新新型水痘疫苗、长春高新血脂宁冲剂、长春高新益中生血片、长春高新注射用促肝细胞生长素、长春高新注射用前列地尔,基因制品、神经系统用制剂、疫苗、原料药、植物类中药制剂、住宅楼盘,公司于1993年6月成立，是东北地区最早的一批上市公司之一。公司主营业务以生物制药、中成药生产及销售为主，辅以房地产开发、物业管理等。上市多年来，公司凝炼并秉持“创新、专注、包容、共享”的发展理念，坚持以科技创新为源动力，主导产业成功实现由服务于开发区基础设施建设向生物制药及健康产业的转型，随着医药产业项目的成功孵化并壮大，支撑了经营业绩的快速增长，目前公司已成为国内生物医药领域具有一定技术领先优势的上市公司。
600196.SH,复星医药,11342712.894243589,2764176.171244813,241,4735269690.83,复星氨基酸、复星大药房、复星复方芦荟胶囊、复星核酸类临床诊断试剂、复星化类临床诊断试剂、复星酶免类临床诊断试剂、复星胰岛素、复星重组人γ干扰素、复星重组人红细胞生成素、复星重组人链激酶、广西花红花红片、广西花红消肿止痛酊、桂林制药青蒿琥酯、国大药房、金象大药房、药友阿拓莫兰、药友炎琥宁、药友注射用水溶性维生素,基因制品、抗组织胺类药及解毒药、连锁药店、维生素类与矿物质类制剂、营养补充类制剂、原料药、诊断用制剂、植物类中药制剂,公司是在中国医药行业处于领先地位的上市公司，专注现代生物医药健康产业。公司抓住中国医药市场的快速成长和中国企业进军世界主流医药市场的巨大机遇，战略性地覆盖研发制造、分销及终端等医药健康产业链的多个重要环节，形成了以药品研发制造为核心，同时在医药流通、医疗服务、医学诊断和医疗器械等领域拥有领先的市场地位，在研发创新、市场营销、并购整合、人才建设等方面形成竞争优势的大型专业医药健康产业集团。公司注重创新研发，拥有国家级企业技术中心，并在上海、重庆、美国建立了高效的国际化研发团队。公司研发专注于新陈代谢及消化道、心血管、抗肿瘤及免疫调节、神经系统、抗感染等治疗领域，且主要产品均在各自细分市场占据领先地位。在中国，复星医药已取得肝病、糖尿病、结核病、临床诊断产品等细分市场的竞争优势；在全球市场，复星医药也已成为抗疟药物的领先者。公司在聚焦发展核心制药业务的同时，积极发展医疗服务领域，并进一步巩固在医学诊断、医疗器械等领域的竞争优势。公司已在国内高端和专科医疗服务领域建立坚实基础。
300759.SZ,康龙化成,11006093.132987054,776683.4333900415,241,1661028567.53,14C放射性标记和加速器质谱（AMS）用于生物制剂、14C放射性标记化合物的合成、3H 和 14C放射性标记生物大分子(RadioTag技术)、3H放射性标记化合物的合成、3H和14C 放射性标记（RadioTag）、PD/PK、PK/PD、QA/RA、安全药理学、病理、动物疾病模型、放射性标记化合物的合成、放射性同位素标记化合物的临床药代动力学应用、放射性同位素标记化合物应用于代谢产物分析、分析研发和质量控制部门、符合GMP标准的14C放射性标记的API(药物活性成分或原料药)&成品药的合成、工艺化学、化合物管理系统、化合物库合成、化学信息服务、计算机辅助药物设计、结构生物学、临床研究、免疫毒理学与免疫原性分析、生物分析服务、生物有机化学、生物制品研发、生殖与发育毒理学、使用放射性同位素标记化合物研究物料平衡、体内药代动力学、体外ADMET、体外疾病生物学、体外筛选、体外药理学及生物标记物检测、通过HRMS/NMR进行代谢产物鉴定、小分子药物的生物等效性试验、研发分析和分离、药物材料和结晶研发、药物-药物（DDI）相互作用研究、药物制剂开发、一般毒理、遗传毒理学、原料药生产、早期工艺化学（DPC）、真皮渗透研究、支持新药临床试验申请的药代动力学研究、制剂生产、质量保证部,化学试剂、生物诊断试剂、原料药、专业咨询服务,公司是一家领先的全流程一体化医药研发服务平台，业务遍及全球，致力于协助客户加速药物创新。根据弗若斯特沙利文的资料，按2018年的总收益计，公司是中国第二大医药研发服务平台及全球三大药物发现服务供应商之一。公司在药物发现、临床前及早期临床开发服务方面处于领先地位，并一直致力于拓展下游业务，包括临床后期开发及商业化生产等服务。公司不断扩大医药研发服务领域，并掌握主要研发学科的专业知识以覆盖各研发阶段的主要里程碑，协助客户加快推进研发计划。作为领先的药物发现医药研发服务供应商，公司对分子已积累深刻的科学见解，并自客户创新药物研发初期起即取得客户信任。
300347.SZ,泰格医药,10510411.917533703,1030600.491340249,241,2874163020.17,临床试验技术服务、临床试验统计分析服务,专业咨询服务,公司是国内领先的临床合同研究组织(CRO)，专注于为医药产品研发提供I-IV期临床试验、数据管理与生物统计、注册申报等全方位服务。公司参与了包括国家“十五”、“十一五”、“十二五”国家重大科技专项，国家863计划重大科技专项，以及国家创新基金项目、中科院重大科技项目、浙江省重大科技专项和广州市科技重大项目等在内的多项新化学单体和新生物制品的临床试验。公司的临床研究业务几乎包括了我国GCP中提出的全部临床试验内容，完备的服务内容可以满足绝大多数国内外制药企业的临床研究要求。
300142.SZ,沃森生物,9807204.082857544,2730696.6238755183,241,427747681.59,b型流感嗜血杆菌结合疫苗、b型流感嗜血杆菌结合疫苗(全预充注射器)、冻干A、C群脑膜炎球菌多糖结合疫苗,疫苗,公司是专业从事人用疫苗等生物技术药集研发、生产、销售于一体的高科技生物制药企业，在以新型疫苗为代表的生物技术药细分领域处于行业领先地位。经过多年的发展，公司已形成了结构优良、品种丰富的产品管线，拥有全球两大重磅疫苗品种13价肺炎结合疫苗和HPV疫苗，并构建了国内领先的研发和产业化技术平台，聚集了一大批中西合璧的专业技术和管理人才，获得了一批国家“863计划”和“重大新药创制”科技重大专项支持，与盖茨基金会等国际著名机构建立了紧密的合作关系。
002821.SZ,凯莱英,9137010.660724482,1044357.0871576763,241,1069273577.5,DS定制生产服务、分析服务、酶的生产、数据服务、知识产权保护、制剂服务,医药中间体、专业咨询服务,公司是一家国内领先的CDMO(医药合同定制研发生产)企业，主要致力于全球制药工艺的技术创新和商业化应用，为国内外大中型制药企业、生物技术企业提供药物研发、生产一站式CMC服务。凯莱英积极布局国内市场，目前已形成包括国内创新药CMC服务、MAH业务、制剂研发生产、仿制药一致性评价、临床试验服务、生物样本检测以及药品注册申报等在内的全方位服务体系。公司坚持以技术革新作为核心驱动力，不断研发出多项国际领先专利技术并运用于商业化生产，深耕cGMP高级中间体和原料药领域，服务默沙东、辉瑞、百时美施贵宝、艾伯维、礼来等国内外大中型制药公司，形成与国内外制药巨头深度的嵌入式合作关系。
300601.SZ,康泰生物,7964166.913001701,854948.8397759337,241,1263377112.09,Hib疫苗、麻风二联苗、四联苗、乙肝疫苗,生物诊断试剂,公司是一家集生物制品研发、生产、销售于一体的上市企业，中国主要的乙肝疫苗生产企业之一。公司主营业务为人用疫苗的研发、生产和销售，产品种类涵盖一类和二类疫苗，目前主要产品有重组乙型肝炎疫苗(酿酒酵母)、b型流感嗜血杆菌结合疫苗、麻疹风疹联合减毒活疫苗、无细胞百白破b型流感嗜血杆菌联合疫苗等产品。自成立以来，康泰生物承担了多项国家、省、市级重点科研项目及技术开发任务，已具备多联多价疫苗、基因工程疫苗等新技术研发及产业化核心竞争力。其中自主研发的无细胞百白破b型流感嗜血杆菌联合疫苗为国内独家创新的“四联疫苗”，专门针对无应答人群的60微克乙肝疫苗拥有“国家重点新产品”称号。通过多年的不懈努力，康泰生物已经发展成为研发品种齐全、产品线丰富、技术优势明显的国家级高新技术企业，在国家计划免疫战线上有着举足轻重的地位。
300595.SZ,欧普康视,5727571.960882431,662088.7738755187,241,554737175.25,华锥-圆锥角膜/散光镜、镜特舒冲洗液、梦戴维Classic-角膜塑形镜、梦戴维Plasma-角膜塑形镜、日戴维-硬性角膜接触镜,专用设备与零部件,公司是国内角膜塑形镜细分领域的领军企业，专注眼视光产品研发、生产、销售，以及眼视光服务，目前主要业务为非手术视力矫正。公司目前主要产品为硬性角膜接触镜类镜片及镜片护理产品，角膜塑形镜为主营产品中的核心。经过多年的专注发展，公司已拥有一系列与硬性角膜接触镜设计和生产相关的完全自主知识产权，同时取得了角膜塑形镜和硬性角膜接触镜产品注册证。公司先后获得了“安徽省医药质量管理奖”、“合肥市科技小巨人”的荣誉称号，并且为安徽省近视预防治疗研究会常务副理事长单位；自主研发生产和销售的产品获得了市场的广泛认可，公司主营产品“梦戴维”系列角膜塑形镜先后荣获得“安徽省著名商标”、“合肥市知名商标”。
002007.SZ,华兰生物,5528414.06873395,539629.4781410788,241,1298897164.35,华兰H1N1流感疫苗、华兰冻干人凝血酶原复合物、华兰冻干人凝血因子VIII、华兰静注丙球、华兰流感疫苗、华兰人免疫球蛋白、华兰人破伤风免疫球蛋白、华兰人血白蛋白、华兰人乙型肝炎免疫球蛋白、华兰外科用冻干人纤维蛋白胶,血液制品、疫苗,公司是从事血液制品研发和生产的重点高新技术企业，并首家通过血液制品行业的GMP认证。作为国家定点大型生物制品生产企业，公司以雄厚的技术开发实力、先进的技术水平及生产检测设备、科学规范的经营管理和完善的质量保证体系。公司先后承担多项国家、省、市级科技攻关项目，其中外科用冻干人纤维蛋白胶被列入国家863项目。华兰博士后科研工作站，河南省生物医药工程技术中心和中国科学院生物技术创新与产业化共同基金及中国科学院的多个联合实验室的成立，为企业的高成长性和核心竞争力奠定了坚实的基础。华兰生物拥有人血白蛋白、静注人免疫球蛋白、人免疫球蛋白、人凝血酶原复合物、外科用冻干人纤维蛋白胶等以“华兰”为品牌的血液制品。这些制品的“华兰”商标已成为中国血液制品行业公认品牌。
300529.SZ,健帆生物,4810470.149394507,438550.8974315353,241,1196813354.44,DX-10型血液净化机、血液灌流机、一次性使用血浆胆红素吸附器、一次性使用血液灌流器,医疗美容器械、医用耗材,公司是具有创新技术的血液净化产品提供商，主要从事血液灌流相关产品的研发、生产与销售，自主研发的一次性使用血液灌流器、一次性使用血浆胆红素吸附器、DNA免疫吸附柱及血液净化设备等产品广泛应用于尿毒症、中毒、重型肝病、自身免疫性疾病、多器官功能衰竭等领域的治疗，可有效挽救患者生命或提高病患者生活质量。作为手术、药物之外的第三种疗法，血液净化技术正越来越广泛的用于各种疑难危重疾病的临床治疗。公司立足于产品研发及创新，依靠自身专业的营销团队，通过产品技术的学术推广及对各医疗机构的服务支持，为患者提供安全有效的血液净化产品。公司产品已通过CE认证、ISO国际质量管理体系认证，承担两项“国家重点新产品项目”和三项“国家级火炬计划项目”，获批组建广东省血液净化工程技术研究开发中心、省级企业技术中心、博士后科研工作站、院士工作站。
002252.SZ,上海莱士,4604853.1828586925,203991.71031120332,241,1294510050.46,安普莱士人血清白蛋白、法布莱士干人纤维蛋白原、伽玛莱士静注人免疫球蛋白、海莫莱士冻干人凝血因子Ⅷ、护固莱士冻干人纤维蛋白粘合剂、普舒莱士冻干人凝血酶原复合物、舒平莱士冻干人凝血酶,血液系统用制剂、血液制品,公司是在1988年成立的中外合资血液制品大型生产企业，专业从事血液制品，疫苗、诊断试剂及检测器具生产和销售并提供检测服务，主要产品包括人血白蛋白、静注人免疫球蛋白(pH4)、人凝血因子VIII、人凝血酶原复合物、人纤维蛋白原、冻干人凝血酶、外用冻干纤维蛋白粘合剂，是国内同行业中血浆综合利用率高、产品种类齐全、结构合理的血液制品生产企业之一。公司在国内首批通过GMP认证和获得ISO9001证书，是国内较早实现血液制品批量生产的厂家之一。
603087.SH,甘李药业,4355523.263900415,277092.3160414938,241,1452754862.29,精蛋白锌重组赖脯胰岛素混合注射液(25R)、重组甘精胰岛素注射液、重组赖脯胰岛素注射液,抗生素类抗感染制剂,公司为首家掌握产业化生产重组胰岛素类似物技术的中国企业，使得我国成为世界上少数能进行重组胰岛素类似物产业化生产的国家之一，公司主要从事重组胰岛素类似物原料药及注射剂的研发、生产和销售。公司主要产品包括重组甘精胰岛素注射液(商品名“长秀霖”)、重组赖脯胰岛素注射液(商品名“速秀霖”)、精蛋白锌重组赖脯胰岛素混合注射液(25R)，公司的研发及生产能力处在行业领先水平，具备了持续开发新药品的创新能力，有多个新产品已进入临床研究阶段。公司及其研究成果曾先后获得“北京市高新技术成果转化项目”、“北京市自主创新产品”、“中关村科技园区瞪羚企业”、“北京生物医药产业跨越发展工程(G20)规模企业”等奖项。
600161.SH,天坛生物,4252978.1845540665,368325.2202614108,241,760012024.99,天坛H1N1流感疫苗、天坛Vero细胞乙脑疫苗、天坛冻干乙型肝炎人免疫球蛋白、天坛风疹疫苗、天坛黄热减毒活疫苗、天坛静注人免疫球蛋白(pH4)、天坛抗人T细胞兔免疫球蛋白、天坛流感疫苗、天坛麻风二联疫苗、天坛麻腮风三联疫苗、天坛人血白蛋白、天坛人血丙种球蛋白、天坛乙型脑炎灭活疫苗、天坛重组（酵母）乙肝疫苗,血液制品、疫苗,北京天坛生物制品股份有限公司于1998年上市，主营业务为血液制品的研发、制造、销售及咨询服务。经过2010年、2017年两次重大资产重组后，天坛生物成为中国生物旗下唯一的血液制品专业公司。天坛生物拥有成都蓉生、兰州血制、上海血制、武汉血制、贵州血制五家血液制品生产企业。目前，在全国十四个省、自治区拥有50余个单采血浆采集基地，血液制品生产用健康人血浆的釆集规模处于国内领先地位。1966年，天坛生物率先在国内实施低温乙醇工艺制备血液制品的产业化。目前，血液制品生产规模处于国内领先地位，拥有人血白蛋白、人免疫球蛋白、人凝血因子Ⅷ三大类产品72个产品生产文号。天坛生物拥有一批多年从事血浆蛋白产品研发的科技人员，技术实力雄厚。天坛旗下的血液制品企业在国内血液制品行业占据多个第一，在国内首发上市人血白蛋白、静注人免疫球蛋白(pH4)、破伤风人免疫球蛋白等产品，率先引进血浆蛋白压滤分离工艺，建立了血浆蛋白产品、病毒灭活工艺技术验证和重组产品的研发平台。目前，天坛生物产品品种数量在国内稳居前列，生产的血液制品在国内市场中占有较大市场份额，拥有质量、规模及品牌等方面的综合优势。此外，天坛生物旗下成都蓉生自主研发的注射用重组人凝血因子Ⅷ，获得了国家食药监总局颁发的临床试验批件，重组血制产品的研发实现零的突破。天坛生物致力于为社会提供更多品种、更多数量和更优质量的血液制品，努力成为中国领先、国际一流的血液制品企业。
603127.SH,昭衍新药,3985527.525175382,395450.0450954357,241,557459609.09,动物药代动力学研究服务、非临床安全性评价服务、临床试验、实验动物及附属产品销售、药物筛选、药效学研究服务、政策法规咨询,医药中间体、专业咨询服务,公司主要从事以药物非临床安全性评价服务为主的药物临床前研究服务和实验动物及附属产品的销售业务；其中，药物临床前研究服务为公司的核心业务，业务范围包括非临床安全性评价服务、药效学研究服务、动物药代动力学研究服务等。公司还从事少量药物筛选等药物发现研究、临床试验、政策法规咨询等医药研发外包服务及相关的技术服务。
300676.SZ,华大基因,3976650.103931224,397625.78818257264,241,1461536272.38,I-III期临床测试、NIFTY（无创产前基因检测/胎儿染色体非整倍体检测）、PGS/PGD（胚胎植入前遗传学筛查与诊断）、伴随诊断、单基因病检测、地中海贫血基因检测、复杂疾病基因检测、基因检测、基因组测序、疾病致病机理研究、临床前测试、其他多组学解决方案、染色体异常检测、生物信息分析、新生儿耳聋检测、新生儿遗传代谢病检测、药物先导分子筛选和优化、遗传性肿瘤、肿瘤常规个体化用药基因检测、肿瘤个体化用药指导系列基因检测、肿瘤致病机理和相关基础研究,专业咨询服务,公司的主营业务为通过基因检测等手段，为医疗机构、科研机构、企事业单位等提供基因组学类的诊断和研究服务。公司秉承“基因科技造福人类”的愿景，以推动生命科学研究进展和提高全球医疗健康水平为出发点，基于基因领域研究成果及生物技术在民生健康方面的应用，进行科研和产业布局，致力于加速科学创新，减少出生缺陷，加强肿瘤防控，抑制重大疾病对人类的危害，实现精准治愈感染，助力精准医学。公司主要服务于国内外的科研院校、研究所、独立实验室、制药公司等机构，以及国内外的各级医院、体检机构等医疗卫生机构、公司客户和大众客户。
300832.SZ,新产业,3787411.524983112,137208.35963070538,241,973696489.03,新产业MAGLUM2000Plus全自动化学发光免疫分析仪、新产业MAGLUM4000全自动化学发光免疫分析仪、新产业MAGLUMI1000全自动化学发光免疫分析仪、新产业MAGLUMI2000全自动化学发光免疫分析仪、新产业MAGLUMI600全自动化学发光免疫分析仪、新产业传染病试剂、新产业代谢试剂、新产业肝纤维化试剂、新产业甲状腺试剂、新产业性腺试剂、新产业肿瘤标志物试剂,医疗器械用制剂、专用设备与零部件,公司主要从事研发、生产及销售系列全自动化学发光免疫分析仪器及配套试剂，是国内该领域的领先者。公司产品主要用于提供疾病的预防、诊断、治疗监测、预后观察、健康状态评价以及遗传性疾病预测等方面的诊断信息。公司所处行业为医疗诊断、监护及治疗设备制造业，具体为体外诊断行业。截至2020年3月31日，公司主要有8款全自动化学发光免疫分析仪器1，122项配套试剂2，均已获得医疗器械产品注册证，是国内提供化学发光免疫诊断试剂种类最多的供应商之一。此外，公司亦积极拓展生化分析产品线，截至2020年3月31日，公司拥有4款全自动生化分析仪器，并拥有39项配套试剂，均已获得医疗器械产品注册证。公司仪器型号系列化，能够满足不同用户对仪器测试速度、样本和试剂装载量的需求；配套试剂涵盖甲状腺、性腺、肿瘤标志物、代谢、肝纤维化、传染病等检测项目，能够满足不同用户的检测需求。
603658.SH,安图生物,3475659.5866357633,257135.22917012445,241,973663074.64,板式化学发光检测试剂、磁微粒化学发光检测试剂、检验仪器、胶体金检测试剂、酶联免疫检测试剂、免疫荧光检测试剂、微生物诊断试剂,生物诊断试剂、专用设备与零部件,公司专业从事体外诊断试剂及仪器的研发、生产和销售，形成了以免疫诊断产品为主、微生物检测产品特色发展的格局，产品品种齐全，能够为临床诊断提供一系列解决方案。公司产品覆盖了传染病到非传染病应用的各类检测领域，能够满足终端用户的各种检测需求。试剂品种涉及传染病、肿瘤、生殖内分泌、甲状腺功能、肝纤维化、优生优育、糖尿病、高血压、心脏病、泌尿生殖道疾病、呼吸系统疾病以及细菌分离培养、鉴定和药敏分析等多个检测领域。此外，公司一直坚持试剂与仪器共同发展，相关配套仪器涵盖了化学发光免疫分析仪、酶标仪、洗板机、联检分析仪、全自动样品处理系统、全自动化学发光测定仪等产品。公司努力打造具有全球品牌影响力的体外诊断产业公司。
300357.SZ,我武生物,2856037.7475186726,190309.43099585062,241,337991284.82,畅迪粉尘螨滴剂、畅点粉尘螨皮肤点刺诊断试剂盒、尘螨合剂、粉尘螨滴剂、黄花蒿粉滴剂、黄花蒿花粉点刺液、丝素蛋白保湿止痒敷料,呼吸系统用制剂、皮肤科用制剂,公司是一家专业从事过敏性疾病诊断及治疗产品的研发、生产和销售的高科技生物制药企业。公司主营创新药物，拥有国际领先水平的生物制药技术。公司自主研发的产品曾获得国家高新技术产业化项目、省重点高新技术产品计划等项目支持。脱敏药物系列产品的开发，不仅给过敏患者带来安全有效的舌下脱敏治疗方式，更填补了舌下脱敏药物及过敏原皮肤点刺诊断试剂在国内市场的空白；同时公司已经启动了向全球各个主要经济地区成药出口的法律注册程序。
002030.SZ,达安基因,2756257.3617251455,668306.7411244813,241,3618186564.12,达安EB病毒（EBV）核酸扩增PCR荧光检测试剂盒、达安SARS病毒检测试剂盒、达安丙肝病毒检测试剂盒、达安单纯疱疹病毒通用型（HSV）核酸扩增PCR荧光检测试剂盒、达安肺炎支原体（MP）核酸扩增PCR荧光定量检测试剂盒、达安分子生物学仪器、达安弓形虫（TOX）核酸扩增PCR荧光检测试剂盒、达安呼吸道合胞病毒(RSV)核酸扩增荧光检测试剂盒、达安甲型肝炎病毒（HAV）核酸扩增PCR荧光检测试剂盒、达安结核杆菌检测试剂盒、达安解脲脲原体（UU）核酸扩增PCR荧光定量检测试剂盒、达安巨细胞病毒（HCMV）核酸扩增PCR荧光检测试剂盒、达安淋球菌（NGH）核酸扩增PCR荧光检测试剂盒、达安梅毒螺旋体（TP）核酸扩增PCR荧光检测试剂盒、达安人类免疫缺陷病毒1型（HIV-1）核酸扩增PCR荧光定量检测试剂盒、达安人乳头瘤病毒核酸扩增PCR荧光定量检测试剂盒、达安沙眼衣原体种检测试剂盒、达安炭疽杆菌（BA）核酸扩增（PCR）荧光检测试剂盒、达安腺病毒（ADV）核酸扩增PCR荧光检测试剂盒、达安血液筛查NAT系统、达安乙肝病毒检测试剂盒、达安荧光分光光度计、达安荧光基因探针PCR、达安幽门螺旋菌（HP）核酸扩增PCR荧光检测试剂盒,生物诊断试剂、诊断治疗设备,公司是以分子诊断技术为主导的，集临床检验试剂和仪器的研发、生产、销售以及全国连锁医学独立实验室临床检验服务为一体的生物医药高科技企业。公司在分子生物学技术方面，尤其是基因诊断技术及其试剂产品的研制、开发和应用上始终处于领先地位，目前主要从事荧光PCR检测技术研究、开发和应用，以及荧光PCR检测试剂盒的生产和销售。公司不断完善创新机制，以全面的技术创新、管理创新、经营模式创新，探索生命的奥秘，以一流的产品和服务推动公司的不断成长。
600867.SH,通化东宝,2251339.513718701,197172.39111618258,241,1308254212.79,东宝波菲丽斯门窗、东宝东宝甘泰、东宝甘舒霖、东宝肝泰片、东宝脑得生胶囊、东宝射干利咽口服液、东宝斯卫尔、东宝月芝软胶囊、东宝镇脑宁胶囊、东宝正糖胶囊、东宝重组人胰岛素冻干粉及注射液、复方栀子膏、枣参安神胶囊,基因制品、解热镇痛制剂、抗组织胺类药及解毒药、泌尿系统用制剂、血液系统用制剂、循环系统用制剂、植物类中药制剂、装饰材料,"公司主要从事医药研发和制造,主要业务涵盖生物制品、中成药，化学药，治疗领域以糖尿病、心脑血管为主，公司拥有国家级企业技术中心、国家GMP和欧盟GMP认证的生产车间。被国家认定为高新技术企业、国家技术创新示范企业、ISO14001环境体系认证企业。主要产品包括重组人胰岛素原料药、重组人胰岛素注射剂(商品名：甘舒霖)、镇脑宁胶囊等。公司“东宝”商标被国家工商总局认定为中国驰名商标。公司拥有以重组人胰岛素(商品名：甘舒霖)为代表的系列产品。公司产品已完成了世界上40多个国家的现场检查，已完成注册并出口波兰、白俄罗斯等18个国家，广泛应用于临床治疗。重组人胰岛素原料药生产基地已通过欧盟认证，产品的国际市场大大拓宽。同时公司积极开发胰岛素类似物产，长效、短效、速效胰岛素产品，化学口服降糖药品、满足市场上不同糖尿病患者的用药需求，为国内糖尿病患者提供了更多的用药选择。"
002901.SZ,大博医疗,2165231.406983569,85936.74815767635,241,673309413.17,骨针、线缆、脊柱接骨板（前路）、脊柱内固定器（后路）、空心钉、颅骨修复钛网系列、普通钉板、髓内钉、锁定钉板、外固定器、硬脑膜、椎间融合器,医用耗材,公司是一家以骨科、神经外科、微创外科为主的综合性医疗集团，是国家火炬计划重点高新技术企业，也是国内具有竞争力的骨科植入物生产企业之一。公司主营业务系医用高值耗材的生产、研发与销售，主要产品包括骨科创伤类植入耗材、脊柱类植入耗材及神经外科类植入耗材、微创外科耗材等。公司先后通过了FDA、CE、ISO13485、GMP等专业认证，产品品质不断超越国际标准，得到国内外用户的一致认可。
300482.SZ,万孚生物,2161195.271489195,604199.7925020747,241,634433145.2,多通道免疫荧光检测仪、检测试剂杯型、检测试剂笔形、检测试剂卡型、检测试剂条形、免疫荧光检测仪、全自动免疫荧光检测仪、血糖仪,电子测试和测量仪器、生物诊断试剂,"公司致力于生物医药体外诊断(in vitro diagnosis,IVD)行业中快速检测(point-of-care testing,POCT)产品(包括试剂和仪器)的研发、生产和销售，为顾客提供专业的快速诊断与慢病管理的产品和服务。万孚生物构建了完善的胶体金与胶乳标记层析技术平台、荧光标记定量检测技术平台、干式生化以及电化学定量检测、分子诊断等技术平台，产品涵盖传染病、妊娠、心血管疾病、毒品、肿瘤疾病、代谢疾病等业务领域。百余种产品应用于各级医院、社区门诊、卫生院、OTC药房以及疾病控制中心、公安、军队等特殊渠道。公司在美国成立了子公司和研发中心，在德国、肯尼亚、印尼成立了营销中心，并与欧洲零售巨头BOOTS、亚洲零售巨头WATSONS、南欧零售连锁著名品牌SONAE，以及国内海王星辰、金象、老百姓大药房等建立了稳定的合作关系，为全球180多个国家和地区客户提供产品解决方案和技术支持。"
300009.SZ,安科生物,2087345.066483581,355028.01650622406,241,206629495.23,安科生物重组人生长激素制剂、安科生物注射用重组人干扰素α2b冻干粉针、抗精子抗体检测试剂盒、重组人干扰素α2b滴眼液、重组人干扰素α2b乳膏、重组人干扰素α2b栓剂、重组人干扰素α2b注射液,抗生素类抗感染制剂,公司是一家以生物医药产业为主的具有自主创新能力的国家级高新技术企业，公司长期致力于基因工程、细胞工程、基因检测等生物技术产品的研究开发、生产、销售。目前公司形成了以生物医药为主轴，以中西药物和精准医疗为两翼“一主两翼”发展格局。公司主要业务涵盖生物制品、核酸检测产品、多肽药物、现代中成药、化学合成药等产业领域，逐步落实精准医疗的发展战略，形成基因检测、靶向抗肿瘤药物开发、细胞免疫治疗技术等一系列精准医疗全产业链布局。公司先后承担了国家“863”计划、国家科技攻关计划、国家重点火炬计划、国家重大新药创制及省级科技攻关项目数十项，先后荣获包括国家科技进步奖、安徽省重大科技成就奖、安徽省科技进步奖在内的国家和省部级科技大奖多项。
600201.SH,生物股份,1795636.0172292532,236527.09570954356,241,382286663.1,宝灵口蹄疫疫苗、宝灵禽类疫苗、金宇广场、金宇圣地、山丹牛绒衫、山丹羊绒纱、山丹羊绒衫,内衣、其他纺织品及原料、商业地产、疫苗、住宅楼盘,公司(原内蒙古金宇集团股份有限公司)成立于1993年3月，1999年1月在上海证券交易所上市，是A股生物制药板块绩优上市公司。公司主要从事兽用生物制品的研发、生产与销售，产品种类涵盖猪、禽、宠物和反刍类四大系列100余种动物疫苗。公司拥有口蹄疫和高致病性禽流感两大强制免疫疫苗农业部的定点生产资质，工艺技术和产品质量保持国内领先水平。同时，依托兽用疫苗国家工程实验室研发平台，凭借完善的销售渠道和全方位的技术服务，进而为养殖客户提供动物疫病防控整体解决方案。公司是国内首家采用悬浮培养和纯化浓缩技术生产口蹄疫疫苗的厂家，并牵头制定了口蹄疫疫苗抗原含量、杂蛋白含量和抗原杂蛋白检测三项行业新标准，公司拥有兽用疫苗国家工程实验室、农业部反刍动物生物制品重点实验室和国家高级别生物安全实验室三个国家级创新平台，并设有博士后科研工作站联合培养实验室，成为动物疫苗行业研发的制高点和技术创新平台。
300463.SZ,迈克生物,1795205.4307479667,249846.77352282158,241,956604404.94,体外诊断产品,诊断用制剂,公司一直以来专注于体外诊断产品的研究、生产、销售和服务，是体外诊断产品系统的研发、生产、销售、服务企业，拥有国际一流的诊断产品研发团队，在数名科学家的带领下，建立了临床生化、发光免疫、快速诊断、血栓与止血、分子诊断的产品技术开发平台。公司是国际临床化学与检验医学联合会(IFCC)在中国的第一家企业会员，是中国首批建立酶学参考实验室的体外诊断产品生产企业，迈克诊断产品的溯源成果达到国际先进水平。公司是经国家相关部门认证的“高新技术企业”，先后通过了CMDISO13485、CQCISO14001、TUVISO13485认证和部分产品CE认证并于2013年获得CNAS医学参考实验室认可。公司拥有国际一流的产品生产条件及生产管理水平，能向市场提供涵盖临床生化、发光免疫、快速诊断、血栓与止血等专业项目多达几百种高品质产品。
300298.SZ,三诺生物,1491785.5082470125,70416.15384647303,241,107569179.71,安稳血糖仪、安准血糖仪、尿微量白蛋白检测试条、血糖/尿酸双功能检测仪、智能血糖仪,诊断用制剂、诊断治疗设备,公司是国内最早的生产血糖监测系统产品的厂商之一，也是国家生物医学工程高技术产业化示范项目的承担单位。主营业务是利用生物传感技术研发、生产、销售即时检测(POCT)产品，主要产品为微量血快速血糖测试仪及配套血糖检测试条。公司通过了德国技术集团质量体系认证与欧盟CE认证，同时公司作为国家生物医学工程高技术产业化示范项目，多次获得国家创新基金支持，并率先通过了ISO13485质量管理体系认证及欧盟CE认证。公司生产的“三诺”系列血糖仪及配套试纸，以其“准确、简单、经济”的特点，获得广大消费者的认可。
